"job_id","company_name","job_title","salary_year_avg","job_posted_date","skills_list"
552322,"AT&T","Associate Director- Data Insights","255829.5","2023-06-18 16:03:12","sql,python,r,azure,databricks,aws,pandas,pyspark,jupyter,excel,tableau,power bi,powerpoint"
99305,"Pinterest Job Advertisements","Data Analyst, Marketing","232423.0","2023-12-05 20:00:40","sql,python,r,hadoop,tableau"
1021647,"Uclahealthcareers","Data Analyst (Hybrid/Remote)","217000.0","2023-01-17 00:17:23","sql,crystal,oracle,tableau,flow"
168310,"SmartAsset","Principal Data Analyst (Remote)","205000.0","2023-08-09 11:00:01","sql,python,go,snowflake,pandas,numpy,excel,tableau,gitlab"
731368,"Inclusively","Director, Data Analyst - HYBRID","189309.0","2023-12-07 15:00:13","sql,python,azure,aws,oracle,snowflake,tableau,power bi,sap,jenkins,bitbucket,atlassian,jira,confluence"
310660,"Motional","Principal Data Analyst, AV Performance Analysis","189000.0","2023-01-05 00:00:25","sql,python,r,git,bitbucket,atlassian,jira,confluence"
1749593,"SmartAsset","Principal Data Analyst","186000.0","2023-07-11 16:00:05","sql,python,go,snowflake,pandas,numpy,excel,tableau,gitlab"
387860,"Get It Recruit - Information Technology","ERM Data Analyst","184000.0","2023-06-09 08:01:04","sql,python,r"
987523,"Kelly Science, Engineering, Technology & Telecom","Azure Data Python Consultant - contract to HIRE - Citizen or Perm...","170000.0","2023-01-23 22:28:01","power bi,sql,python,azure,databricks"
1352513,"A-Line Staffing Solutions","REMOTE Director of Data Analytics","170000.0","2023-08-09 14:02:45","python,sql,azure"
1781684,"Robert Half","DTCC Data Analyst","170000.0","2023-10-06 00:01:41","java,go,excel"
1525451,"Uber","Manager, Data Analyst","167000.0","2023-04-18 07:01:17","looker,sql,python,r,swift,excel,tableau"
712473,"Get It Recruit - Information Technology","Data Analyst","165000.0","2023-08-14 16:01:19","tableau,looker,sas,sql,python,r,sas,matlab,pandas"
1246069,"Plexus Resource Solutions","Data Analyst","165000.0","2023-12-08 09:16:37","python,mysql,aws"
618890,"CEDARS-SINAI","Principal Data Intelligence Analyst - Cardiac - Remote","163500.0","2023-09-20 13:00:44","sas,go,crystal,tableau,sas"
918213,"DIRECTV","Senior - Data Analyst","160515.0","2023-06-14 21:01:17","sql,python,scala,r,mysql,postgresql,couchbase,azure,databricks,aws,redshift,oracle,snowflake,watson,pyspark,airflow,linux,tableau,ssis,cognos,visio"
182813,"Get It Recruit - Information Technology","Principal Data Analyst","160000.0","2023-10-13 09:00:52","sql,python,r,sas,sql server,azure,power bi,sas,ssrs"
475626,"Realtime Recruitment","Principal Data Analyst","160000.0","2023-02-02 14:16:03","snowflake,power bi,looker"
783771,"Robert Half","SQL DEVELOPER / DATA ANALYST (Insurance industry Experience) ...","160000.0","2023-01-30 02:02:22","sql,java"
266799,"Uber","Applied Scientist - Maps","157500.0","2023-10-13 07:03:27","sql,spark,python,r"
485388,"Edgewater Federal Solutions, Inc.","System Data Analyst","157500.0","2023-07-17 18:00:47","oracle,sql,go"
25761,"CaptivateIQ","Data Analyst - Remote","155485.5","2023-09-01 16:41:57","sql,python,r,tableau,looker,datarobot"
105157,"Motion Recruitment","Lead Data Analyst","155000.0","2023-01-05 08:00:45","c++,sql,python,scala,java,redshift,snowflake,spark,airflow,hadoop,tableau"
565646,"Zscaler","Staff Business Data Analyst (Remote U.S. OK)","152625.0","2023-03-07 07:01:47","looker,sql,hadoop,excel,tableau"
795614,"Zscaler","Staff Business Data Analyst (Remote U.S. OK)","152625.0","2023-03-11 07:01:56","sql,hadoop,excel,tableau,looker"
540057,"Rocket Money","Lead Data Analyst, Growth (Remote)","152500.0","2023-03-24 07:00:42","sql,looker"
72957,"US Patent and Trademark Office","Management & Program Analyst (Data Analytics)","152221.5","2023-09-11 16:00:30","sql,r,go,databricks,tableau,alteryx"
456042,"Get It Recruit - Healthcare","Data Analyst","151500.0","2023-09-25 10:59:56","sql,python,r"
73304,"Patterned Learning AI","Mid-Level Data Analyst","150000.0","2023-07-05 07:01:08","sql,excel,tableau,sheets"
591850,"Patterned Learning AI","Mid-Level Data BI Analyst","150000.0","2023-07-17 07:03:43","hadoop,excel,tableau,sql,nosql,vba,oracle"
1402149,"Edward Jones","Lead Data Analyst - Retirement Product Management","148238.5","2023-05-09 10:04:46","sql,python,nosql,r,sas,vba,db2,oracle,hadoop,excel,tableau,sas,microstrategy,spss"
1694004,"EXL Service","Manager - Data Analyst","147285.0","2023-10-23 07:00:06","sql,python,sas,t-sql,snowflake,hadoop,excel,sas,ssis"
405581,"CyberCoders","Data Analyst","145000.0","2023-05-01 13:00:20","java,qlik,power bi,tableau,c++,javascript,r,python"
479485,"Level","Data Analyst","145000.0","2023-03-15 16:59:55","kubernetes,sql,python,r,golang,elasticsearch,aws,bigquery,gcp,pandas,scikit-learn,looker"
712558,"ALTA IT Services","Data Scientist Analyst","145000.0","2023-02-13 17:13:26","sql,tableau,power bi,sas,excel,sas,r,python"
1329162,"Hire With Jarvis","Data Analyst - up to 160K+","145000.0","2023-04-18 17:59:59","excel,power bi,tableau,sql"
149006,"Insight Global","People Data Analyst","140500.0","2023-07-31 15:05:01","sql,python,oracle"
1090975,"Uber","Data Analyst","140500.0","2023-03-24 07:06:43","swift,excel,tableau,looker,sql,python,r"
208403,"Insight Global","Data Manager","140000.0","2023-01-26 16:01:53","nosql"
762220,"IT Pros","Qlik/Power BI Data Analyst | $130K-$150K + ESOP |100% USA-Remote","140000.0","2023-01-03 04:00:05","qlik,bigquery,power bi"
1049000,"Sisense","Sr. Data Analyst","140000.0","2023-07-17 22:00:04","r,snowflake,python,sql"
1300702,"Revolut","Data Analyst (Product Data Analyst)","139000.0","2023-08-04 21:57:48","sql,python,scala,java,c++"
388392,"United Services Automobile Association","Digital Marketing Data Analyst (Hybrid)","138640.0","2023-08-13 07:01:06","sql,nosql,javascript,snowflake,hadoop,phoenix,tableau"
1482852,"Overmind","Data Analyst","138500.0","2023-11-23 12:38:59","sql,python"
350382,"Get It Recruit - Information Technology","Lead I - Power BI Data Analyst","138000.0","2023-10-13 10:01:14","sql,nosql,sql server,azure,power bi,dax"
835092,"Insight Global, Inc.","Secret Data Analyst Remote / Telecommute Jobs","137500.0","2023-10-20 23:00:12","sharepoint"
740073,"WhiteCrow","Data Analytics Manager","137000.0","2023-07-28 09:39:55","excel,powerpoint"
479965,"InvestM Technology LLC","Data Analyst","135000.0","2023-02-26 01:04:44","power bi,excel,sql"
513988,"Get It Recruit - Hospitality","Data Analyst - Advanced Analytics","135000.0","2023-08-27 10:00:07","r,sql,python,sas,sas"
777802,"Robert Half","Lead Data Analyst / SQL Developer","135000.0","2023-10-13 00:02:19","c,sql server,go,python,sql"
1326467,"EPIC Brokers","Data Analyst","135000.0","2023-06-26 17:00:18","excel"
262837,"Osmind","Quantitative Scientist (Remote)","132500.0","2023-01-28 08:04:56","sql,python,r"
311931,"SoftDev Incorporated","Data Analyst III","132500.0","2023-09-16 13:02:26","sql,r,python,sheets"
990420,"Get It Recruit - Information Technology","Data Insights Analyst III","132500.0","2023-12-12 08:17:27","tableau,sql,python,r"
21451,"ApTask","Data Analyst must have telecom domain experince","130000.0","2023-04-28 13:56:12","flow,sql,python,sheets"
92703,"Launch Consulting Group","Sr. Data Analyst","130000.0","2023-09-19 13:01:02","dax,power bi,tableau,excel,snowflake,aws,sql,azure,jira,flow,visio"
447569,"Kforce Technology Staffing","Lead Data Analyst","130000.0","2023-05-03 23:00:16","tableau,sql,python,r,databricks,aws,redshift,snowflake"
1209798,"Doximity","Data Analyst","130000.0","2023-05-08 19:02:19","numpy,pandas,spark,python,sql,github,git,unix"
1531276,"Alpha Silicon","System Data Analyst","130000.0","2023-04-11 20:00:42","sql,flow,sheets,python"
1686779,"Get It Recruit - Information Technology","Data Insights Manager","130000.0","2023-12-09 09:00:33","python,r,excel,sql server,tableau,power bi,sql"
1566076,"Lonza","Manager, Data Analytics (Bioscience) - Remote","129000.0","2023-09-19 14:00:05","python,power bi"
1148444,"Acorns","Data Analyst","127000.0","2023-06-22 21:00:56","outlook"
1791785,"Cash App","Marketing Data Analyst (Remote)","127000.0","2023-03-09 07:01:13","twilio,c,go,sql"
592669,"ICF","Behavioral Health Data Analyst- REMOTE","126452.0","2023-07-25 17:41:14","spss,sql,python,r,sas,tableau,sas"
116211,"UnitedHealthcare","Sr Data Analyst - Remote","126000.0","2023-08-31 20:00:20","ssis,sql,sql server,ssrs"
502626,"UnitedHealth Group","Sr Data Analyst, Consultant - Client Facing - Remote","126000.0","2023-02-25 14:00:24","sql,python,r,sas,aws,sas"
1735665,"USAA","Mid-Level Decision Science Analyst","125930.0","2023-10-01 08:01:11","sql,sas,phoenix,sas"
748965,"Uber","Strategy and Data Analyst, Sustainability","125500.0","2023-12-14 08:00:06","sql,python,r,go"
285447,"Robert Half","Data Analyst","125000.0","2023-05-26 14:59:59","flow"
300502,"Get It Recruit - Real Estate","Healthcare Data Analyst","125000.0","2023-08-18 17:00:58","shell,bigquery,redshift,spark,airflow,jupyter,python,sql"
400967,"PWR Staffing & Recruiting","Healthcare Data Analyst (Manager)- $120,000-130,000/yr | Remote in PST","125000.0","2023-08-21 22:01:23","sql"
595967,"Starbridge Partners","Data Science Analyst 2 (Pop Health)","125000.0","2023-01-11 21:06:26","sas,r,python,sql,sas"
900945,"The Walt Disney Company","Data Analyst","125000.0","2023-12-27 13:01:03","sql,r,sas,databricks,snowflake,sas,spss,python"
1216840,"hims & hers","Data Analyst, Operations (Remote)","125000.0","2023-02-01 07:01:02","sql,python,r,bash,postgresql,bigquery,airflow,looker"
1229773,"Infinity Consulting Solutions, Inc.","Manager, Data Analytics & Reporting - Remote","125000.0","2023-03-14 04:02:08","notion,excel,go,sql"
1551308,"Get It Recruit - Information Technology","Investment Data and Analytics Manager","125000.0","2023-12-12 08:17:55","tableau,alteryx,python,sql,flow,r,vba,excel"
1682817,"Blackstone Consulting, Inc.","Data Analyst: regional physical security","124500.0","2023-05-27 01:00:43","power bi,word,sharepoint,excel,powerpoint,microsoft teams"
821092,"Cloudflare","Data Analyst, Support Operations","124000.0","2023-02-17 19:02:22","sql,python,r,tableau,looker"
631753,"Get It Recruit - Information Technology","Data Analytics Manager","123000.0","2023-07-30 11:00:50","sql,tableau,power bi,looker"
596565,"ICF","Lead Analyst - Data Analytics - Remote","122769.0","2023-08-31 20:30:00","power bi,sql,python,tableau"
238020,"Innova Solutions","Business Data Analyst with SQL (Strong)","122500.0","2023-06-19 17:01:37","sql,aws,jira,confluence"
1015777,"Analytic Recruiting Inc.","Decision Science Analyst - Consumer Lending","122500.0","2023-01-20 19:22:47","tableau,sas,sql,python,sas,snowflake"
298860,"Cloudflare","Sales Ops Data Analyst (Austin, TX or Remote)","122000.0","2023-08-01 23:01:46","sql,bigquery,tableau,sheets"
426033,"CloudFlare","Sales Ops Data Analyst (Remote)","122000.0","2023-08-01 23:00:59","sql,bigquery,tableau,sheets"
236172,"Get It Recruit - Information Technology","Data Analytics Analyst","120000.0","2023-11-04 09:00:10","power bi,sharepoint,powerpoint,outlook,visio,excel,tableau"
587198,"Motion Recruitment","Data Architect","120000.0","2023-07-18 06:35:18","tableau,sql,azure,aws,bigquery,redshift,snowflake,gcp"
999820,"LAI","Business Intelligence Data Analyst","120000.0","2023-11-29 16:00:03","jira,sql,go,excel,tableau,word,kubernetes,confluence"
1191992,"Robert Half","Business Data Analyst","120000.0","2023-04-04 15:56:17","tableau,sql,power bi"
1611348,"M13","Lifeforce: Data Analyst (Remote)","120000.0","2023-04-17 22:59:57","sql,r,sas,sas,spss"
1132443,"US Development Finance Corporation (formerly Overseas Private Investment Corporation)","Risk Data Analyst","119908.0","2023-06-20 16:00:30","python,vba,tableau,power bi"
446029,"CVS Health","Data Analyst - Predictive Modeling","119200.0","2023-06-09 08:00:23","sql,python,hadoop,tableau"
876656,"CVS Health","Data Analyst","119200.0","2023-03-25 07:59:55","sql,python,hadoop,tableau"
945180,"Get It Recruit - Healthcare","Data Analyst","117713.0","2023-11-13 10:59:58","excel,tableau,word,powerpoint,ms access"
436153,"Robert Half","Lead Data Analyst / SQL Developer","117500.0","2023-12-27 20:01:58","sql server,sql,python,go,c"
685438,"Jobot","Data Analyst","117500.0","2023-09-12 23:00:51","sql,python,tableau"
1124418,"Get It Recruit - Information Technology","Lead Data Analyst","117500.0","2023-12-28 10:22:27","sql server,python,sql"
131427,"Get It Recruit - Information Technology","Data Analyst","117000.0","2023-11-12 09:00:25","sql,python,tableau,looker"
16358,"Kern Health Systems","BI Data Analyst IV","115791.5","2023-01-06 16:01:23","excel,sas,sql,sas"
1574716,"Kern Health Systems","BI Data Analyst IV","115791.5","2023-01-05 04:01:12","sas,sas,sql,excel"
1788827,"Kern Health Systems","Data Analyst","115791.5","2023-04-14 20:01:05","sql,sas,excel,sas"
24351,"ManyPets","Data Analyst","115000.0","2023-04-21 14:55:10","sql,excel,tableau"
156483,"Robert Half","Data/Information Architect","115000.0","2023-07-06 19:33:59","tableau,python,postgresql,snowflake,sql"
198747,"Robert Half","Business Data Analyst","115000.0","2023-02-07 19:44:58","power bi,sql,tableau"
357990,"Robert Half","Data Analyst","115000.0","2023-01-19 17:00:07","sql server,sql,power bi,oracle,databricks,tableau,azure"
1139755,"Lighthouse Professional Services","Data Analyst","115000.0","2023-06-01 19:00:07","sql,python,r,vba,snowflake,tableau,power bi,dax,powerpoint,alteryx"
1403108,"Get It Recruit - Information Technology","Data Analyst","115000.0","2023-12-24 09:00:30","sql,python"
1772547,"Medasource","QNXT/TriZetto Data Analyst","115000.0","2023-01-11 16:02:49","excel,azure,sql server,sql"
945577,"ICF","Behavioral Health Data Analyst","114956.5","2023-10-24 23:09:53","sql,python,r,sas,tableau,sas,spss"
467403,"Get It Recruit - Healthcare","Healthcare Analytics Expert","114948.0","2023-08-13 19:01:28","python,r,sas,tableau,power bi,sas"
857003,"ICF","Behavioral Health Data Analyst","114805.0","2023-09-22 16:57:25","sql,python,r,sas,tableau,sas,spss"
1566879,"Uber","Data Analyst, Global Business Development","114000.0","2023-11-01 07:01:10","sql,python,r,tableau,looker"
1354909,"GEICO","Technical Business/Data Analyst (REMOTE)","113500.0","2023-03-21 17:16:32","sql,python,db2,azure,oracle,snowflake,hadoop,power bi"
248219,"Square","Data Analyst, Customer Success (Chicago, IL or Remote)","112850.0","2023-09-16 23:01:25","sql,python,go,c,tableau,looker,flow"
236397,"Get It Recruit - Healthcare","Data Analyst","112661.0","2023-07-29 20:00:11","sql,python,tableau"
1728,"Segue Technologies Inc","Data Engineer/Data Analyst","112500.0","2023-05-24 19:08:14","aws,tableau,sql,nosql,sql server,excel"
71065,"Paratus Solutions LLC","Data Analyst Remote / Telecommute Jobs","112500.0","2023-11-21 21:00:05","spss,sql,python,r,sas,javascript,sqlite,excel,tableau,sas"
84928,"Seneca Resources, LLC","Experian Data Analyst Remote / Telecommute Jobs","112500.0","2023-01-03 21:27:28","linux,aws"
185960,"Get It Recruit - Information Technology","Data Analyst","112500.0","2023-12-03 09:00:01","tableau,looker,sql,r,python"
576410,"UL Solutions","Remote Lead Business Data Analyst (Chicago, IL or Remote)","112500.0","2023-05-03 02:02:40","excel,dax"
1006256,"InvestM Technology LLC","Data Analyst","112500.0","2023-01-08 01:03:25","python,tableau,power bi,r,sql"
147455,"Cisco Meraki","Data Analyst (Remote)","112050.0","2023-02-02 07:00:30","oracle,excel,tableau,looker,sap,sql"
958872,"IBM","Data Analyst","111500.0","2023-10-20 16:00:12","python,azure,ibm cloud,tableau,jira,sql"
321727,"CREDITSERVE INC","Data Analyst III","110000.0","2023-10-30 21:00:33","powerpoint,sql,python,excel,tableau,word"
382334,"DNV","Energy Data Analyst","110000.0","2023-08-30 21:00:05","power bi,excel,databricks,azure,javascript,sas,r,python,sql,jira,powerpoint,word,sas"
409831,"Trinity Solar Careers","Data Analyst","110000.0","2023-12-21 08:00:00","power bi,ssis,dax,sql,t-sql,sql server,excel"
412163,"Apex Systems","Medicaid Data Analyst","110000.0","2023-06-26 16:04:19","sql"
446319,"Get It Recruit - Finance","Data Analyst","110000.0","2023-09-10 10:00:17","looker,javascript"
480243,"Cava Connect","Data Analyst - Remote","110000.0","2023-01-06 20:01:36","dax,excel,power bi,ssis,ssrs,sql,python,vba"
894317,"Get It Recruit - Transportation","Data Analyst","110000.0","2023-12-24 10:00:33","sql,python"
991817,"Get It Recruit - Finance","Data Analyst","110000.0","2023-10-23 16:00:17","excel"
1047698,"Insight Global","Data Analyst","110000.0","2023-03-14 16:45:26","aws,sql"
1210470,"Convergenz","Data Analyst","110000.0","2023-09-20 16:03:42","tableau,power bi,sas,sql,r,sas"
1434170,"CREDITSERVE INC","Data Analyst III","110000.0","2023-11-09 00:21:53","python,sql,powerpoint,word,tableau,excel"
1490432,"Get It Recruit - Information Technology","Retail Systems Data Analyst","110000.0","2023-06-09 09:01:47","power bi,sql,excel,flow,alteryx"
1574686,"Insight Global","Data Analyst","110000.0","2023-04-13 20:38:26","aws,t-sql,sql server,sql,ssrs,ssis,power bi,azure"
1592165,"Robert Half","SQL DEVELOPER / DATA ANALYST (Insurance industry Experience) ...","110000.0","2023-01-26 13:03:57","ssis,sql"
1814437,"Get It Recruit - Real Estate","Data Analyst","110000.0","2023-08-18 17:00:55","python,power bi,tableau,sql,r"
991303,"Paradigm","EDI Data Analyst/Business Systems Analyst III  (Great Place to...","109600.0","2023-06-05 14:02:08","sql,python,java,shell,javascript,bash,powershell,sql server,db2,oracle,flow"
65900,"Get It Recruit - Hospitality","Data and Process Modeling Analyst","107500.0","2023-12-30 13:59:59","powerpoint,excel"
255533,"Get It Recruit - Information Technology","IT Data Analyst - Remote | WFH","107500.0","2023-10-06 14:59:57","aws,sql,python,r,html,sql server,azure,excel,tableau,power bi"
600392,"Insight Global","REMOTE PowerBI Data Analyst","107500.0","2023-04-04 17:05:54","sql"
1026200,"Rhino","Data Analyst, Finance and Accounting (Remote)","107500.0","2023-03-24 03:00:00","excel,sql,bigquery"
1119269,"CODING DOJO INC.","Data Analyst","107500.0","2023-08-28 02:01:03","word,powerpoint,outlook,hadoop,tableau,power bi,sas,python,r,sas,excel,sql"
1795029,"Dice","Data Analyst - Remote","107500.0","2023-09-20 09:01:27","sql,python,power bi,sap"
107274,"Cherry Bekaert Advisory, LLC","Data Analyst","106562.5","2023-09-05 17:00:45","sql,python,r,pandas,numpy,scikit-learn,tableau,power bi,alteryx"
55833,"Edward Jones","Data Governance Analyst II - Frameworks, Standards, & Policies","106479.0","2023-08-03 11:02:09","excel,powerpoint,word,vba"
228239,"Edward Jones","Data Analyst II - Firm Analytics","106479.0","2023-11-15 08:02:28","sas,sql,python,r,oracle,snowflake,tableau,sas,spss"
617583,"Edward Jones","Data Analyst II - Firm Analytics","106479.0","2023-09-04 14:01:59","sql,python,snowflake,tableau,sas,spss,r,sas,oracle"
800017,"Get It Recruit - Information Technology","Data Analyst","106000.0","2023-08-12 09:00:10","sql,excel,tableau,git,snowflake,python"
1454946,"Get It Recruit - Information Technology","Market Research & Data Analyst","106000.0","2023-08-12 10:00:05","looker,tableau,excel,sql"
371104,"Modis","Clinical Data Analyst","105000.0","2023-01-23 22:01:31","sql,azure"
426601,"Syrup","Product Data Analyst","105000.0","2023-06-12 21:00:01","sql,power bi,tableau,hadoop,spark,r,python"
601788,"Get It Recruit - Information Technology","Data Visualization Analyst","105000.0","2023-10-15 08:00:07","tableau,excel,html,power bi"
909000,"EL Education (Formerly Expeditionary Learning)","Associate Director, Data Analysis","105000.0","2023-01-27 16:59:59","tableau,r,word"
936268,"Syndicatebleu","Marketing Data Analyst","105000.0","2023-06-29 19:01:21","excel,sql,javascript,html,looker"
1069248,"Starr And Associates LLC","Data Analyst","105000.0","2023-02-09 15:26:09","python,sql,qlik,tableau,excel,r"
1091932,"Get It Recruit - Healthcare","Healthcare Data Analyst","105000.0","2023-11-24 09:00:39","tableau,sql,python,power bi"
1309967,"CyberCoders","Sr Data Analyst","105000.0","2023-04-23 13:00:14","tableau,sql,oracle,excel"
1344229,"Vista Global Solutions, LLC","Data Analyst","105000.0","2023-10-23 13:52:28","redshift,tableau,qlik,excel,aws,r,python,sql"
748403,"Pitney Bowes","Sales Comp Data Analyst (Remote, U.S.)","104300.0","2023-07-14 06:00:11","go,power bi,tableau,excel"
380744,"Health Plan of San Mateo","Health Information Management Data Analyst III","104106.5","2023-06-06 20:00:52","word,spreadsheet,powerpoint,outlook,sas,excel,sas"
909351,"Get It Recruit - Information Technology","Data Analyst","104000.0","2023-12-04 09:01:13","c++,sql,python,r,javascript,snowflake,excel,tableau,looker,qlik,powerpoint"
1559111,"Get It Recruit - Information Technology","Healthcare Data Analyst","103500.0","2023-12-15 09:01:01","sql"
707689,"Get It Recruit - Information Technology","Epic Chronicles Database Analyst","103000.0","2023-11-23 09:01:46","sql"
1667594,"AIDS Healthcare Foundation","Data Integration Analyst","103000.0","2023-04-17 20:00:52","sql,r,t-sql,sql server,oracle,unix,windows,tableau,ssis,ssrs,python"
1679633,"Get It Recruit - Information Technology","Data Wrangling and Visualization Manager","103000.0","2023-12-27 13:39:49","python,azure,databricks,aws,spark,sql"
523374,"Insight Global","Data Analyst","102500.0","2023-06-06 15:01:10","javascript,sql,tableau"
535535,"Orion Groups","Data Analyst","102500.0","2023-04-05 15:01:31","spark,jenkins,flow,github,jira,confluence,python,bash,gcp,hadoop"
949643,"Get It Recruit - Information Technology","Data Analyst","102500.0","2023-06-25 08:23:34","tableau,power bi,sql"
1277458,"ZipRecruiter","Data Analyst","102250.0","2023-09-20 22:00:41","sql,python"
4420,"Get It Recruit - Information Technology","Senior System/Data Analyst","102000.0","2023-11-04 09:00:13","tableau,redshift,oracle,sql,python,aws"
1378977,"Get It Recruit - Information Technology","Remote Data Analyst III","102000.0","2023-04-15 08:46:46","excel,sql"
1526567,"Get It Recruit - Information Technology","Data Analyst - Healthcare Industry (Remote)","102000.0","2023-04-21 08:00:05","excel,sql"
1440,"Get It Recruit - Information Technology","Data Analyst - Empowering Insights for a Healthier Future","101500.0","2023-07-15 09:01:03","sql,excel"
686507,"Get It Recruit - Information Technology","Data Analyst","101500.0","2023-07-06 09:02:07","r,azure,sql,python"
1234973,"Get It Recruit - Information Technology","Data Analyst","101500.0","2023-07-09 10:00:11","sql,hadoop,tableau,jira,confluence"
136192,"UnitedHealth Group","Healthcare Data Analyst- Hybrid","100400.0","2023-11-27 07:01:02","sas,sas,go"
838504,"Optum","Data Analyst 2 - Remote","100400.0","2023-02-26 01:01:04","github,ssrs,sql server,ssis,c#,sql"
1514995,"UnitedHealth Group","Data analyst remote","100400.0","2023-12-23 23:40:47","python,snowflake,excel,tableau,power bi,alteryx"
1519017,"UnitedHealth Group","Sr Supplemental Data Analyst - Remote","100400.0","2023-02-27 12:01:00","visio,ms access,outlook,powerpoint,word,excel,sql"
262921,"SAIC","Tableau Data Analyst","100000.5","2023-05-05 20:00:02","sql,java,c++,c#,c,sql server,oracle,excel,tableau,qlik,visio"
43545,"InvestM Technology LLC","Data Analyst - Healthcare","100000.0","2023-01-22 14:05:22","python,power bi,tableau,r,sql"
309300,"Scaleai","Business Data Analyst","100000.0","2023-05-15 16:00:39","python,tableau,sql"
327502,"Robert Half","Lead Data Analyst / SQL Developer","100000.0","2023-09-08 00:02:13","sql server,go,c,python,sql"
420972,"Insight Global","Data Conversion Analyst","100000.0","2023-06-23 14:22:13","power bi"
524146,"Hearth","Data Analyst","100000.0","2023-02-23 18:01:48","r,python,sql,looker,tableau"
734020,"Govcio LLC","Data Analyst","100000.0","2023-12-22 22:00:02","sql,oracle,atlassian"
736533,"LHH","Data Analyst","100000.0","2023-05-11 20:00:22","tableau,sap,sql,oracle,excel"
882690,"LHH","Marketing Data Analyst","100000.0","2023-06-19 23:00:06","sql,excel,tableau"
1217891,"Get It Recruit - Information Technology","Data Analytics Manager","100000.0","2023-12-19 08:01:16","sql"
1331634,"InvestM Technology LLC","Data Analyst - Investment Management","100000.0","2023-04-08 16:02:36","power bi,python,java,r,tableau,sql"
1785328,"Insight Global Healthcare","Healthcare Quality Data Analyst","100000.0","2023-04-25 16:02:04","tableau,excel,qlik,powerpoint"
670899,"Calbright College","Research Data Analyst","99746.90625","2023-10-12 04:00:55","sql,excel,sas,word,spreadsheet,python,r,sas,oracle,windows,sheets,spss"
1064019,"Ogletree Deakins","Legal Project Management Data Analyst","99500.0","2023-07-24 17:02:21","sql,python,r,excel,tableau"
1733276,"Get It Recruit - Information Technology","Senior Earth Observation Data Analyst","99500.0","2023-07-06 09:00:14","c++,sql,python,java,r,bash,c#,powershell,aws,tableau"
867791,"Get It Recruit - Technology","Data Analyst III - SQL Analytics - Remote | WFH","99000.0","2023-03-04 10:01:39","sql,excel"
1332763,"Ad Hoc Team","Research Data Analyst (remote)","98800.0","2023-05-04 01:00:43","sql,python,r,tableau,looker"
284410,"Goldbelt, Inc.","Data Analyst","98750.0","2023-09-16 09:02:30","sas,sas,flow"
1149238,"Get It Recruit - Technology","Data Analyst IV (Healthcare Analytics) - Remote | WFH","98500.0","2023-02-27 08:01:19","sql,python,r,excel"
498516,"Motion Recruitment","Mid-Level Data Analyst - Python/SQL/PowerBI/Tableau","97500.0","2023-05-30 07:01:57","sql,python,azure,databricks,snowflake,spark,tableau,power bi"
630777,"CRED iQ","Quantitative Data Analyst (CRE / CMBS)","97500.0","2023-10-20 14:00:09","go,sql,powerpoint,word,excel,python,rust"
1691565,"InvestM Technology LLC","Data Analyst - Healthcare","97500.0","2023-01-26 22:06:18","python,r,tableau,power bi,sql"
1714018,"Cognizant Technology Solutions","Privacy Data Analyst- (remote)","97500.0","2023-01-09 20:01:32","flow,excel"
35406,"Central California Alliance for Health (Remote)","Provider Data Configuration Analyst IV","97070.5","2023-12-20 22:00:34","sql"
339556,"Driscoll's","Lead Master Data Analyst (Remote or Onsite)","97000.0","2023-05-09 07:01:26","sql,flow"
1299756,"Respawn Entertainment","Data Analyst (Apex Legends)","96400.0","2023-06-22 19:01:06","power bi,sql"
1791218,"Booz Allen Hamilton","Data Analyst","95700.0","2023-01-20 03:00:21","r,tableau,power bi,qlik,powerpoint,python,sql"
703426,"Insight Global","Data Analyst (QA)","95680.0","2023-01-05 16:00:49","excel"
1601917,"Insight Global","Data Analyst (QA)","95680.0","2023-01-05 04:01:14","excel"
1519639,"Booz Allen Hamilton","Data Analyst, Mid","95650.0","2023-08-30 20:01:43","powerpoint,python,r,power bi"
735880,"Olympus Corporation of the Americas","Data Analyst Lead - Remote","95500.0","2023-05-18 01:00:30","sql,python,vba,excel,tableau,unity"
354407,"Get It Recruit - Finance","Data Analyst","95329.0","2023-08-11 14:00:49","sql,oracle,tableau,power bi"
690438,"CVS Health","Risk Adjustment Data Analytics Lead","95150.0","2023-07-26 09:00:37","sql,sas,excel,sas"
78069,"Polygence","Data Analyst","95000.0","2023-10-31 00:03:00","excel,python,r,sql,sheets,looker,tableau"
204667,"Get It Recruit - Finance","Data Analyst","95000.0","2023-10-10 20:00:44","oracle,sql,power bi,tableau"
328827,"HopSkipDrive","Data Analyst (Greater LA Area, CA or Remote)","95000.0","2023-01-06 19:01:21","sheets,go,sql,excel,tableau"
334078,"American Red Cross","Data Analyst * Work from home","95000.0","2023-10-12 00:00:16","r,sql,python"
369634,"Hays","Data Analyst - Looker","95000.0","2023-02-23 14:22:02","sql,mongodb,postgresql,mongodb,looker"
430230,"Ryder System","Data Analyst III (REMOTE)","95000.0","2023-06-14 12:25:49","tableau,express,azure,power bi,alteryx,python"
542425,"Jobot","Data Analyst","95000.0","2023-01-04 17:05:22","microstrategy,power bi,dax"
796604,"Polygence","Data Analyst","95000.0","2023-11-03 18:52:30","python,sql,looker,tableau,sheets,excel,r"
945198,"General Dynamics Information Technology","Program/Data Analyst (Health Services) Remote!","95000.0","2023-07-03 08:01:42","jira"
1156421,"Motion Recruitment","Data Analyst Role","95000.0","2023-02-25 00:00:20","mariadb,sql,python,t-sql,powershell,php,mysql,ssrs"
1230135,"Earnest Analytics","Data Analyst, Financial Services","95000.0","2023-01-23 19:00:02","tableau,excel"
1240374,"Insight Global","Data Analyst","95000.0","2023-04-18 14:00:17","sas,excel,crystal,qlik,sas,tableau"
1355313,"United Site Services","Data Integration Analyst","95000.0","2023-07-20 09:00:43","flow"
1359967,"Clark Associates","(Remote) Marketing Data Analyst","95000.0","2023-05-26 14:00:22","looker,sql,python,power bi"
1467775,"Insight Global","Data Analyst","95000.0","2023-07-12 18:04:03","tableau"
1491918,"IDR, Inc.","Informatics Data Analyst II","95000.0","2023-03-29 18:17:06","python,r,sql"
1127339,"Protect Democracy","Data Analyst","94871.5","2023-08-25 15:00:17","python,r"
961597,"The Cigna Group","Sustainability Oversight Data Lead Analyst - Remote","94400.0","2023-09-05 18:00:22","tableau,flow"
1243771,"Tactis LLC","Business Data Analyst","94000.0","2023-06-16 08:00:21","excel,tableau,jira"
133125,"Get It Recruit - Information Technology","Statistical Data Analyst","93000.0","2023-11-21 15:00:03","sas,excel,sas,word"
960363,"Medidata Solutions","Sr. People Data Analyst","92750.0","2023-04-12 14:59:52","sql,python,r,excel,tableau,powerpoint"
758193,"LeanTaaS","Data Analyst (US REMOTE)","92500.0","2023-02-15 00:50:02","sql,python,excel,tableau"
1098113,"0nward Select","Data Analyst [70649]","92500.0","2023-02-24 21:00:39","sql,javascript,html,excel,sharepoint,atlassian,jira,confluence"
1190547,"HopSkipDrive","Operations Data Analyst (Greater LA Area, CA or Remote)","92500.0","2023-02-02 07:00:32","sql,go,excel,tableau,sheets"
738823,"OUTFITTERY","Data Insights Analyst (all genders) - Remote","92000.0","2023-09-04 09:18:09","sql,python,pascal,tableau"
1178655,"Get It Recruit - Information Technology","Data Analyst","91000.0","2023-12-05 12:00:38","sql,python,tableau,powerpoint"
116825,"hackajob","Data Analyst","90000.0","2023-04-12 17:00:09","c++,python,java,r,matlab,sql,c#"
196796,"Angi","Data Analyst","90000.0","2023-08-19 10:21:49","excel,sql,python,r"
258262,"Get It Recruit - Real Estate","Data Analyst","90000.0","2023-09-11 10:00:24","sql,ssrs,bigquery,tableau"
293077,"Get It Recruit - Administrative","Data Analyst","90000.0","2023-12-13 10:00:11","excel,microsoft teams,powerpoint"
326110,"Preveta","Healthcare Data Analyst","90000.0","2023-03-06 00:00:02","qlik,tableau,power bi,sql,excel"
354417,"EcoCart","Data Analyst","90000.0","2023-03-09 01:00:37","sql,clickup,power bi,tableau,redshift,aws,python"
382064,"Get It Recruit - Finance","Data Analyst or Data Scientist","90000.0","2023-12-29 12:00:51","sql,python,r"
391159,"CVS Health","Data Science Analyst","90000.0","2023-01-11 08:00:02","sql,python,r"
419649,"Get It Recruit - Finance","Data Analyst","90000.0","2023-10-10 20:01:18","sql,python"
468153,"Axelerate","Telecom Data Analyst","90000.0","2023-07-16 00:03:10","excel"
514485,"Constant Associates","Health Data Lead Analyst - Fully Remote","90000.0","2023-07-15 10:00:20","sas,excel,python,r,sql,sas"
581546,"Engage Partners Inc.","Clinical Data Analyst","90000.0","2023-08-10 15:11:23","power bi,sql,python,r,tableau"
613034,"Get It Recruit - Finance","Credit Data Analyst","90000.0","2023-09-09 18:00:51","python,sql,looker,tableau"
648986,"Get It Recruit - Finance","Healthcare Data Analyst","90000.0","2023-10-01 15:00:46","sql,excel"
680315,"Gotely","Data Analyst","90000.0","2023-05-28 19:14:00","python,power bi,sql,tableau,r"
714930,"Motion Recruitment","Data Analyst","90000.0","2023-01-10 08:00:06","looker,sql,python,r,tableau"
811436,"Get It Recruit - Finance","Strategic Data Analyst","90000.0","2023-12-25 12:00:51","planner,excel,word,powerpoint"
846860,"Get It Recruit - Real Estate","Real Estate Data Analyst","90000.0","2023-09-12 10:01:41","tableau,ssrs,bigquery"
914174,"Home Depot / THD","Data Analyst, Supply Chain (Remote)","90000.0","2023-01-04 03:34:13","oracle,sql,sql server"
1152523,"Get It Recruit - Real Estate","Real Estate Transaction Data Analyst","90000.0","2023-09-21 22:00:08","word,excel,powerpoint,outlook"
1186631,"Adaptive Solutions Group","Healthcare Data Analyst","90000.0","2023-03-22 20:07:09","sql,tableau,excel,alteryx"
1228142,"Grant Leading Technology, LLC","Data Analyst","90000.0","2023-09-22 01:00:12","oracle,unix,excel,tableau,visio,power bi,java,javascript,html,t-sql,sql,python,shell"
1244897,"Get It Recruit - Real Estate","Data Analyst","90000.0","2023-09-11 10:00:24","ssrs,sql,bigquery,tableau"
1560173,"CyberCoders","100% REMOTE Data Analyst","90000.0","2023-01-20 17:00:34","sql,python,aws,pandas,word,seaborn,plotly,numpy"
1647550,"Get It Recruit - Finance","Data Analyst","90000.0","2023-04-28 10:57:37","vb.net,sas,sql,sas,oracle"
1729407,"General Dynamics Information Technology","Data Analyst","90000.0","2023-06-14 14:02:19","tableau,powerpoint,confluence,python,excel,jira,javascript,sharepoint,word"
122927,"Heluna Health","Data Analyst (Modeling) (Remote)","89796.0","2023-05-01 18:01:05","julia,r,sas,sas"
1618146,"Verizon","Mobile Data Analyst","89500.0","2023-06-28 17:00:29","power bi"
660036,"Get It Recruit - Transportation","Senior Supply Chain Analytics Analyst","89000.0","2023-10-12 13:02:19","alteryx,python,r,tableau"
833662,"World Education Services","Marketing Data Analyst (Remote)","89000.0","2023-07-31 17:00:15","confluence,snowflake,sql,python,scala,java,r,javascript,tableau,jira"
1657752,"Get It Recruit - Transportation","Supply Chain Data Analyst","88000.0","2023-07-01 07:00:00","excel,word,powerpoint,outlook"
30317,"Insight Global","Data Analyst","87500.0","2023-04-28 20:56:12","excel,sql,c#,sql server,flow"
66566,"Vatica Health","Healthcare Data Analyst","87500.0","2023-06-26 16:56:05","powerpoint,sql,go,excel,tableau"
352252,"Get It Recruit - Administrative","Media Data Analyst/Media Coordinator","87500.0","2023-09-10 11:00:02","word,excel,sharepoint"
748524,"Oxfam America","Senior Financial and Data Analyst","87500.0","2023-06-30 21:00:14","python,excel,power bi,powerpoint,tableau,planner,sql,oracle"
915649,"Get It Recruit - Information Technology","Data Analyst","87500.0","2023-06-01 09:01:06","power bi,sql,excel"
1433360,"SeatGeek","Data Analyst - New Grad - Remote","87500.0","2023-09-04 15:01:59","spring,sql,redshift,looker"
1489901,"Predictive Data Lab","Data Analyst","87500.0","2023-03-10 17:08:02","sql,azure"
916210,"Get It Recruit - Information Technology","Treasury Data Analyst II","87000.0","2023-11-22 09:01:38","sql,python,r,tableau,power bi,flow"
961041,"Get It Recruit - Information Technology","Treasury Data Analyst II","87000.0","2023-12-08 09:01:07","sql,python,r,tableau,power bi"
401243,"Get It Recruit - Information Technology","Remote Data Analyst","86500.0","2023-04-16 09:01:19","sql,oracle"
1704094,"Get It Recruit - Information Technology","Remote Data Analyst","86500.0","2023-04-16 10:01:19","sql,oracle"
456839,"Get It Recruit - Information Technology","Telecom Data Analyst","86000.0","2023-04-21 08:01:49","sql,python,sheets"
27772,"Redwood Strategy Group","Data Analyst - DHS Clearance Required Remote / Telecommute Jobs","85000.0","2023-10-04 16:00:22","outlook,visio,powerpoint,word,tableau,excel,r,python,sql"
50602,"Impact Genome","Data Analyst & Dashboard Developer","85000.0","2023-05-17 08:59:58","terminal,tableau"
52176,"Mint Mobile","PPM Data Analyst - Remote","85000.0","2023-02-03 21:01:33","express,chef,atlassian,flow,excel"
196337,"SimioCloud","Predictive Data Analyst","85000.0","2023-03-14 18:53:49","sql,python,r,alteryx"
314738,"Get It Recruit - Information Technology","Growth Data Analyst","85000.0","2023-11-16 08:01:44","looker,tableau,excel,sql,sheets"
382000,"Prime Team Partners","Healthcare Data Analyst","85000.0","2023-09-26 15:19:19","sql,excel,powerpoint,tableau,word"
384007,"Motion Recruitment","Data Analyst","85000.0","2023-07-24 07:01:42","mysql,sql,sql server,azure,jira"
710614,"Envision Staffing Solutions","Data Mining Analyst","85000.0","2023-03-28 18:02:56","word,powerpoint,excel,spreadsheet"
1085007,"DeepIntent","Data Analyst (Remote)","85000.0","2023-09-18 22:59:58","sql,r,excel,powerpoint"
1112585,"BlueLabs Analytics, Inc.","Senior Data Analyst II","85000.0","2023-08-28 17:00:25","tableau,python,snowflake,sql"
1215316,"Impact Genome","Data Analyst & Dashboard Developer","85000.0","2023-04-04 20:00:01","tableau,terminal"
1458260,"QSE7, LLC","Data Analyst / Software Developer","85000.0","2023-12-19 14:00:20","excel,sharepoint,vba,tableau,power bi"
1640252,"Get It Recruit - Information Technology","Data Analyst","85000.0","2023-11-16 08:00:11","tableau,r"
1762396,"Impact Genome","Data Analyst & Dashboard Developer","85000.0","2023-03-11 20:00:00","tableau,terminal"
1782272,"FocusKPI Inc.","Marketing Data Analyst","85000.0","2023-01-14 04:03:04","powerpoint,excel,python,sql"
1766497,"Get It Recruit - Healthcare","Healthcare Data Analyst","84950.0","2023-12-08 15:45:33","alteryx,db2,tableau,sql"
104800,"Get It Recruit - Information Technology","Financial Data Analyst","84500.0","2023-11-28 08:02:06","excel"
133854,"Get It Recruit - Finance","Pricing Data Analyst","84500.0","2023-11-18 20:00:27","excel,sap"
367476,"Get It Recruit - Information Technology","Data Analyst","84500.0","2023-10-30 08:00:00","spss,sql,python,r,sas,javascript,excel,tableau,looker,sas"
398669,"Get It Recruit - Information Technology","Experienced Data Analyst","84500.0","2023-10-29 09:01:47","looker,ssis,sql,sql server,azure,aws,redshift,snowflake,tableau"
444259,"Get It Recruit - Information Technology","Data Analyst","84500.0","2023-11-29 10:03:49","looker,sas,spss,r,sas,javascript,excel,tableau,sql,python"
496663,"Get It Recruit - Information Technology","Data Analyst","84500.0","2023-11-06 08:00:07","windows,sharepoint,webex"
547661,"Get It Recruit - Information Technology","Data Analyst","84500.0","2023-11-06 08:01:33","jenkins,sql"
1540216,"Get It Recruit - Information Technology","Marketing Data Analyst","84500.0","2023-10-12 08:02:47","sql,r,sql server,excel,tableau,power bi,looker,sheets,python"
1736157,"Get It Recruit - Information Technology","Asset Verification Data Analyst","84500.0","2023-11-06 09:00:10","excel"
1813745,"Get It Recruit - Information Technology","Data Platform Analyst","84500.0","2023-11-28 08:01:02","sql,r,python"
23358,"Get It Recruit - Information Technology","Data Analyst","84000.0","2023-10-09 09:01:53","sql,dax,power bi,azure"
122796,"Get It Recruit - Information Technology","Marketing Data Analyst","84000.0","2023-09-22 09:03:34","sheets,sql server,bigquery,excel,tableau,power bi,looker,r,python,sql"
858421,"Get It Recruit - Information Technology","Data Analyst Intern","84000.0","2023-12-25 09:01:14","sas,sql,python,r,tableau,sas"
894665,"Get It Recruit - Information Technology","Data Analyst","84000.0","2023-12-24 09:59:54","flow,excel,sql,tableau"
918810,"Get It Recruit - Information Technology","Healthcare Data Analyst","84000.0","2023-10-03 06:01:16","excel,powerpoint"
1155449,"Get It Recruit - Information Technology","Data Analyst- Early Career Quality Engineer","84000.0","2023-12-19 08:01:56","html,python,java,c#,tableau,sql,javascript"
1156181,"Get It Recruit - Information Technology","Remote Data Analyst","84000.0","2023-11-11 09:01:30","sql server,ssrs,sql,tableau"
1544793,"Get It Recruit - Information Technology","Early Career Data Analyst","84000.0","2023-12-19 08:01:56","r,sql,python,nosql,tableau"
1551217,"Get It Recruit - Information Technology","Data Analyst","84000.0","2023-12-29 11:59:56","spss,sas,javascript,excel,tableau,looker,sas,sql"
1558833,"Get It Recruit - Information Technology","Data Analyst","84000.0","2023-12-10 07:54:01","r,python,sql"
1683817,"Get It Recruit - Information Technology","Data Analyst","84000.0","2023-12-14 09:01:24","word,arch"
1761702,"Get It Recruit - Information Technology","Business Data Analyst","84000.0","2023-12-24 09:59:52","tableau"
197120,"Robert Half","Accountant/Data Analyst","83500.0","2023-05-25 19:00:40","excel,go"
309335,"Get It Recruit - Information Technology","Data Analyst","83500.0","2023-09-10 10:00:14","looker"
1128758,"Get It Recruit - Information Technology","Data Analyst with PowerBI expertise","83500.0","2023-08-23 09:01:55","excel,python,sql"
1153109,"Get It Recruit - Information Technology","Data Analyst","83500.0","2023-09-14 14:02:20","javascript,node.js"
1366794,"Get It Recruit - Information Technology","Data Analyst","83500.0","2023-08-18 09:00:16","tableau,r"
1618469,"Get It Recruit - Information Technology","Data Quality Analyst","83500.0","2023-09-17 09:00:12","python,aws,sql"
1632454,"Insight Global","Data Analyst","83500.0","2023-05-09 17:13:06","excel,sql"
457003,"Memorial Sloan Kettering Cancer Center","Data Analyst - Part Time (Greater NYC Area, NY or Remote)","83200.0","2023-09-22 02:59:54","sql,go"
373211,"Get It Recruit - Information Technology","Data Governance Project Data Analyst","83000.0","2023-08-06 10:00:55","python,sql"
604141,"Alameda Health Consortium/Community Health Center Network","Data Analyst","83000.0","2023-03-24 13:01:53","sql,sas,tableau,excel,sas"
1005824,"General Dynamics Information Technology","Budget Data Analyst (Power BI/Excel/VBA expert)","83000.0","2023-06-20 20:01:45","excel,sql,vba,power bi,word,flow"
1656466,"Get It Recruit - Information Technology","Data Analyst","83000.0","2023-08-13 11:00:02","redshift,python,qlik,matplotlib,pandas,sql,snowflake"
95123,"Get It Recruit - Information Technology","Data Analyst","82500.0","2023-07-24 10:01:08","sheets,sql,excel"
103900,"Get It Recruit - Information Technology","Data Analyst","82500.0","2023-07-05 09:01:11","power bi,sql,looker,tableau"
427343,"Get It Recruit - Information Technology","Data Delivery Analyst","82500.0","2023-11-18 09:00:05","python,r,sql"
672574,"Emotive","Data Analyst","82500.0","2023-06-22 22:00:56","tableau,python,looker,sql"
838391,"Get It Recruit - Information Technology","Data Insight Analyst","82500.0","2023-07-15 09:01:46","tableau,sql,excel"
863059,"Confidential","Accounting / Data Analyst","82500.0","2023-01-13 19:06:49","oracle,sap"
934891,"CyberCoders","Data Analysts- Capital Markets Team","82500.0","2023-01-30 17:02:30","excel,sql,word"
1269187,"Get It Recruit - Information Technology","Data Analyst with PowerBI Dashboards Experience","82500.0","2023-07-24 10:02:16","python,excel,sql"
1621876,"Customer Value Partners","Data Analyst (Tableau)","82500.0","2023-09-08 14:00:41","power bi,python,plotly,excel,tableau"
1715658,"Get It Recruit - Information Technology","Data Analyst","82500.0","2023-07-18 14:01:01","sas,sas,excel,spss"
1727059,"Get It Recruit - Information Technology","Technical/Data Analyst","82500.0","2023-07-28 09:00:01","excel,vba,c#,python,sql"
1758551,"Complete HR Solutions","Healthcare Data Analyst - Remote in RI","82500.0","2023-09-09 08:00:21","sql"
1795056,"Vitalief Inc.","Clinical Research Data Programmer Analyst","82500.0","2023-10-06 15:00:05","sas,excel,sas,ms access,r"
879043,"Village Care","SQL Data Analyst - Healthcare","82350.5","2023-07-22 06:59:58","sql,python,r,excel,tableau"
5174,"Get It Recruit - Information Technology","Data Analyst - Ad Tech and Google Ad Manager Experience (Remote)","82000.0","2023-06-21 09:52:38","snowflake,sql,python,r,go,redshift,tableau,looker"
288466,"Get It Recruit - Information Technology","Research Data Analyst I","82000.0","2023-06-18 12:01:45","sql,tableau,excel"
318830,"Get It Recruit - Information Technology","Business Data Analyst II","82000.0","2023-06-26 11:56:08","sql,tableau"
463381,"Get It Recruit - Information Technology","Data Analyst (Junior/Mid/Senior) - Remote - Defense Manpower Data...","82000.0","2023-06-25 09:00:11","sql,oracle,t-sql"
1115037,"Get It Recruit - Information Technology","Data Analyst","82000.0","2023-06-18 12:00:16","sql,excel,power bi"
1296038,"Get It Recruit - Information Technology","Data Analyst","82000.0","2023-07-23 09:59:52","python,tableau,r,excel,sql"
223644,"Get It Recruit - Information Technology","Pharmacy Data Analyst","81500.0","2023-06-14 09:02:06","ssrs,outlook,power bi,tableau,excel,sql,sql server,arch,word"
1638787,"Get It Recruit - Information Technology","Lead Data Analyst - Looker Studio Expert","81500.0","2023-06-14 09:00:32","sql,looker"
1436603,"New York State Office of the Attorney General","Data Analyst, Mortgage Enforcement Unit, Remote Opportunity","81047.0","2023-02-03 17:00:00","r,excel"
143947,"Get It Recruit - Information Technology","Data Analyst","81000.0","2023-05-11 14:00:09","r,sql,python,scala,matlab,excel"
413083,"Get It Recruit - Information Technology","Data Analyst","81000.0","2023-06-06 10:01:41","sql,tableau,python"
606788,"Get It Recruit - Information Technology","Data Analytics and Reporting Analyst","81000.0","2023-09-09 09:00:05","tableau,ssrs,sql,sql server,snowflake"
980665,"Get It Recruit - Information Technology","Data Analyst","81000.0","2023-05-16 10:01:01","tableau,sql,python"
1025744,"InsideHigherEd","Research Data Analyst-","80740.0","2023-11-25 02:00:36","python,r,sas,sas,zoom"
670376,"Get It Recruit - Finance","Data Analyst","80500.0","2023-09-01 10:00:32","sql,excel"
711091,"Automobile Club of Southern California","Data Analyst - Underwriting","80250.0","2023-04-01 11:01:29","sql,bash,java,python,vba,tableau"
6083,"EUCON AMERICAS LLC","Data Analyst","80000.0","2023-02-27 21:37:51","sql,spss,powerpoint,sas,excel,sas"
276098,"HighGround","Data Analyst- Power BI (Remote)","80000.0","2023-06-19 23:43:42","azure,spreadsheet,excel,sql"
319413,"Coders Data","Data Analyst","80000.0","2023-08-07 21:00:38","outlook,ms access,excel,word,powerpoint"
483152,"New World Now LLC","Data Analyst","80000.0","2023-01-06 20:02:41","sql"
519106,"Itemize Corp.","Data Analytics Manager","80000.0","2023-10-11 23:31:55","aws,mysql,sql"
550113,"Motion Recruitment","Junior Data Analyst","80000.0","2023-06-20 07:01:39","python"
564679,"Coders Data","Junior Data Analyst","80000.0","2023-10-09 20:01:53","tableau,confluence,jira,sql,python,r,excel,sharepoint"
566131,"Medix Technology","Claims Data Analyst - 208554","80000.0","2023-07-28 16:03:55","power bi,sql,tableau,alteryx"
664113,"CrowdStrike","Data Analyst (Remote)","80000.0","2023-09-15 23:01:19","snowflake,sql,python"
690454,"Gravy Analytics","Data Analyst","80000.0","2023-04-03 21:00:08","snowflake,sql,python,r,javascript,aws,tableau,excel"
794255,"ATR International","Manufacturing Data Analyst","80000.0","2023-09-27 17:17:33","matplotlib,excel,tableau,sql,python,r"
911869,"CBRE","Sr. Business Analyst/Data Analyst","80000.0","2023-06-21 16:02:08","alteryx,excel,power bi"
940759,"Get It Recruit - Information Technology","Data Analyst","80000.0","2023-07-30 10:59:59","sql,sheets,excel"
1075985,"Get It Recruit - Information Technology","AI-focused Data Analyst/Tableau Developer","80000.0","2023-11-04 09:01:25","tableau,java,excel,power bi"
1236616,"Peraton","Data Analyst","80000.0","2023-02-28 08:01:19","qlik,python,sas,sas,aws,sql"
1333002,"Get It Recruit - Information Technology","Data Analyst","80000.0","2023-07-20 10:01:51","power bi,sql,tableau"
1354750,"Coders Data","Data Analyst","80000.0","2023-08-03 20:00:20","jira,sharepoint,sql,python,r,excel,tableau,confluence,power bi"
1434052,"FutureNET","Data Analytics Consultant","80000.0","2023-08-03 18:00:27","r,tableau,powerpoint,cognos"
430789,"Get It Recruit - Technology","Data Analyst - Remote | WFH","79968.0","2023-02-21 16:21:59","sql,python,r,redshift,snowflake,tableau,looker"
36488,"Texas Workforce Commission","Data Analyst (Remote)","79415.5","2023-11-17 17:01:39","sql,python,r,sas,go,tableau,power bi,sas,spss,microsoft teams"
401772,"Teacher Retirement System of Texas","Health Data Analyst - Hybrid","79060.5","2023-11-09 07:01:18","sql,python,r"
189043,"Apex Systems","Remote - Data Analyst - Permanent - W2","79000.0","2023-02-21 12:32:53","sql,python,c++,c#"
1723219,"Visual Connections, LLC","Data Analyst","78000.0","2023-03-13 11:00:54","sql,python,r,sas,excel,sas,word,powerpoint,cognos,webex"
397963,"Coders Data","Data Analyst","77500.0","2023-07-31 19:00:25","excel,tableau,sql,python,mysql"
435726,"JDC","Data Analyst","77500.0","2023-12-15 06:00:07","excel"
502625,"Simplex.","Data Analyst","77500.0","2023-10-09 13:40:58","snowflake,azure,sqlite,python,sql"
704236,"Get It Recruit - Information Technology","Data Analysis and Production Support Analyst","77500.0","2023-10-05 10:00:13","python,jupyter"
1101994,"NBCUniversal","Product Specialist (Data Analytics) (Remote)","77500.0","2023-02-02 07:00:37","power bi,jira,excel,sql,dax"
1236681,"Simplex","Data Analyst","77500.0","2023-11-08 18:21:53","python,sql,sqlite,azure,snowflake"
1311958,"Get It Recruit - Administrative","Northeast Territory Data Analyst","77500.0","2023-08-18 10:00:06","smartsheet,power bi,excel"
1745486,"Get It Recruit - Information Technology","Data Analyst","77500.0","2023-11-09 08:01:11","sql,python"
1379514,"Wilbur-Ellis Company","Data Analyst - CropSights, a Precision Ag Platform (Remote - Must...","77350.0","2023-07-03 00:00:50","sql,python,r,excel"
974504,"Get It Recruit - Information Technology","Information Protection Data Analyst - Remote | WFH","77000.0","2023-03-17 10:04:52","sql,python,powershell,sql server,azure,excel,powerpoint,outlook"
411881,"Get It Recruit - Healthcare","Data Analyst","76842.0","2023-12-05 14:01:22","sql,sas,excel,tableau,sas,alteryx"
1500082,"Get It Recruit - Healthcare","Data Analyst","76783.0","2023-09-15 15:00:02","sql"
487133,"Get It Recruit - Healthcare","Healthcare Data Analyst","76559.0","2023-09-20 10:00:05","sql,sas,vba,excel,sas"
558598,"Invitae","Data Analyst","76500.0","2023-04-14 01:01:03","sql,spring,excel,tableau,looker,sheets"
1219618,"Stride inc","Data Analyst (Remote)","76364.5","2023-06-09 22:00:04","sql,vba,c,excel,word,sharepoint,powerpoint"
164596,"Get It Recruit - Healthcare","Data Analyst","76007.0","2023-08-03 13:02:41","sql,python,r,sas,matplotlib,tableau,power bi,sas"
959874,"Get It Recruit - Healthcare","Data Analyst","76007.0","2023-08-05 14:17:09","excel"
757196,"UiPath","GTM Revenue Operations Data Analyst","76000.0","2023-01-25 01:01:52","excel,tableau,powerpoint,go"
1259256,"Get It Recruit - Transportation","Data Analyst","76000.0","2023-08-05 07:00:10","excel,sql"
371461,"Get It Recruit - Marketing","Data Analyst","75566.0","2023-09-21 20:01:29","tableau,sql,power bi,looker"
1068141,"ServiceTitan","Data Analyst (Remote)","75500.0","2023-02-04 07:00:30","sql,azure,aws,snowflake,tableau,flow"
1365513,"Teacher Retirement System of Texas","Health Data Analyst - Remote","75296.0","2023-07-29 07:01:16","sql,python,r"
368638,"Memorial Sloan Kettering Cancer Center","Data Analyst - Department of Surgery/JRSC (Greater NYC Area, NY or...","75250.0","2023-09-29 22:59:52","sql,r,go,excel,tableau"
156786,"Patterned Learning AI","Junior Data Analyst","75000.0","2023-07-26 07:02:26","excel,sheets,sql"
193923,"Get It Recruit - Transportation","Supply Chain Data Analyst","75000.0","2023-08-19 18:00:54","excel,power bi"
210881,"CyberCoders","Data Analyst - ggplot2, R, SQL, Python- Remote","75000.0","2023-03-07 23:02:19","sql,python,word,ggplot2,r"
221984,"MaryRuth's","Data Analyst, Category Management & Demand Planning","75000.0","2023-11-23 09:00:57","sap,flow,excel"
240037,"Get It Recruit - Hospitality","Data Analyst","75000.0","2023-11-24 19:20:27","excel,powerpoint"
341807,"Get It Recruit - Information Technology","Data Analyst","75000.0","2023-11-24 09:20:25","powerpoint,excel"
479282,"hackajob","Data Analyst","75000.0","2023-04-05 18:00:19","c++,c#,matlab,java,r,sql,python"
555049,"Engage Partners Inc.","Data Analyst/Epic Cogito","75000.0","2023-08-31 18:00:41","sql,tableau"
764861,"Chicken of the Sea","HR Jr. Data Analyst","75000.0","2023-03-30 21:01:08","excel,powerpoint,spark"
1065749,"Chicken of the Sea","HR Data Analyst","75000.0","2023-01-26 19:01:47","spark,powerpoint,excel"
1170721,"Patterned Learning AI","Junior Data BI Analyst","75000.0","2023-07-27 07:02:24","oracle,vba,hadoop,excel,tableau,sql,nosql"
1210145,"Health Choice Network","Research Data Analyst","75000.0","2023-08-17 16:03:02","sql server,sql,word"
1241014,"Health Choice Network","Research Data Analyst","75000.0","2023-08-22 19:02:59","word,sql,sql server"
1321085,"Patterned Learning AI","Junior Data Analyst - US/Canada","75000.0","2023-07-20 07:00:27","sheets,excel,sql"
1406540,"Beyond 12","Associate Data Analyst","75000.0","2023-07-10 19:01:00","looker,sql,excel,python"
1461191,"Zunch Staffing","DATA ANALYST - We offer career advancement, a work-life balance...","75000.0","2023-02-08 20:00:52","sql,sas,spss,sas"
1513802,"In Technology Group Inc (US)","Data Analyst","75000.0","2023-01-13 17:06:49","sql,python,snowflake,excel,tableau,power bi"
1517483,"KodeKloud","Data Analyst - SaaS - EdTech","75000.0","2023-07-17 07:50:34","sql,power bi,tableau,hadoop"
813827,"Southern California University","Research Data Analyst","74500.0","2023-08-16 12:01:01","sas,excel,tableau,sas,word,r,powerpoint,spss"
47248,"NCUA","Data Scientist/Financial Data Analyst","74224.5","2023-05-10 13:56:58","python,r,c"
425984,"Get It Recruit - Healthcare","Healthcare Data Analyst","74049.0","2023-12-05 18:00:59","jira,sql,python,r,sas,sas"
1338279,"Retriever Medial Dental Payments LLC","Data Analyst (Remote)","74000.0","2023-03-16 22:00:13","r,vba,sql server,excel,tableau,sql,python"
1726747,"Applied Engineering Management Corporation","Data Analyst","74000.0","2023-07-13 10:00:17","python,r,sas,excel,sas"
669824,"Get It Recruit - Healthcare","Data Insight Analyst","73696.0","2023-10-31 13:01:51","sql,excel,tableau"
1553132,"Get It Recruit - Healthcare","Medicare Compliance Data Analyst","73631.0","2023-12-02 16:00:09","sql,excel,powerpoint,alteryx"
769341,"Center for Open Science","Research Scientist (Remote)","73000.0","2023-02-02 11:04:54","r"
1395633,"Get It Recruit - Finance","Financial Data Analyst","73000.0","2023-12-23 16:59:57","sql,python,vba,excel,tableau,power bi,dax"
93604,"Bluesight","Data Analyst","72500.0","2023-08-08 20:49:34","sheets,sql,python,r,ruby,ruby,excel"
468876,"Coda Staffing","Data Analyst Marketing","72500.0","2023-01-30 19:02:17","sas,matplotlib,plotly,seaborn,spss,sas,sql,python,r"
621498,"Global Healthcare Exchange, Inc.","Data Analyst III","72500.0","2023-04-19 19:01:49","python,excel,gitlab,sql,r"
1262610,"Insight Global","Data Analyst","72500.0","2023-02-06 15:06:52","excel,sql"
1446024,"CharterUP","Contact Center Data Analyst","72500.0","2023-10-06 23:37:00","express,tableau,power bi,sheets,erlang,excel"
1583314,"Get It Recruit - Information Technology","Pricing Data Analyst","72500.0","2023-12-18 09:00:33","sap,excel"
1684855,"Every Body Texas","Data Analyst","72500.0","2023-03-28 17:02:52","sql,azure,power bi,spss,r"
432310,"Get It Recruit - Transportation","Junior Business/Data Analyst","72000.0","2023-07-28 09:00:20","sql,nosql"
361990,"CVS Health","Data Analyst","71850.0","2022-12-31 08:01:47","excel,tableau,power bi,alteryx"
897644,"CVS Health","Financial Data Analyst","71850.0","2023-04-15 07:46:41","sql"
1698696,"CVS Health","Data Analyst","71850.0","2023-01-12 08:00:40","tableau,r,sql,python,phoenix"
225308,"Get It Recruit - Information Technology","Data Analyst Intern","71000.0","2023-12-04 09:00:41","sql,python,looker"
1096460,"Get It Recruit - Information Technology","Investment Operations Data Analyst","70500.0","2023-05-03 13:52:22","sql"
50512,"AdelFi","Loan Data Analyst","70000.0","2023-09-17 15:01:07","spreadsheet"
134039,"Class Action Capital Recovery LLC","Data Analyst","70000.0","2023-11-03 00:00:01","sql,excel"
330595,"Ohio Shared Information Services Inc","Data Analyst","70000.0","2023-11-22 22:09:17","sql server,t-sql,sql,flow,azure,crystal,power bi,git"
339742,"Kermit","Healthcare Contract/Data Analyst","70000.0","2023-04-20 09:00:04","excel"
442024,"Coda SearchStaffing","Data Analyst","70000.0","2023-02-02 22:01:05","plotly,sql,python,r,sas,matplotlib,seaborn,sas,spss"
539154,"Pentasia","Fraud Data Analyst","70000.0","2023-09-20 22:00:17","r,sql,python,excel"
683865,"Global Accounting Network","Financial Data Analyst","70000.0","2023-03-02 15:49:09","python,power bi,sql"
723713,"Amplified Sourcing","Data Analyst","70000.0","2023-02-13 20:06:14","python,sql,r,sas,sas"
1128522,"Get It Recruit - Information Technology","Manufacturing Operations Data Analyst","70000.0","2023-08-16 13:01:01","sql,planner"
1264889,"Get It Recruit - Information Technology","Junior Reporting Data Analyst","70000.0","2023-07-08 10:00:04","sharepoint,tableau,python,vba,excel,sql"
1397514,"Get It Recruit - Information Technology","Community Data Analyst","70000.0","2023-12-26 09:01:09","python,planner"
1473524,"Partnership Employment","Data Analyst","70000.0","2023-01-25 22:59:51","sql,excel,redshift"
1527329,"Zelo Digital Recruitment","Data Analyst","70000.0","2023-05-30 07:59:57","r,tableau,python,power bi,sql"
1625061,"Get It Recruit - Information Technology","Asset Verification Data Analyst","70000.0","2023-05-17 09:01:09","excel"
482909,"Diversified","Data & Analytics Analyst - Virtual, USA","69500.0","2023-08-16 17:14:31","sql,power bi,python"
297571,"Ambry Genetics Corporation","Clinical Data Analyst I (REMOTE-USA)","69000.0","2023-08-21 15:00:52","tableau,aws,mysql,excel"
38696,"Insight Global","Data Analyst","67500.0","2023-01-26 15:51:48","colocation"
60732,"iTalent Digital","Data Analyst (SQL) :Role 3354","67500.0","2023-04-11 17:01:23","tableau,sql,python,express,excel"
243487,"CyberCoders","Survey Data Analyst","67500.0","2023-06-27 19:02:16","tableau,r,excel"
605922,"Get It Recruit - Information Technology","Data Analyst for Democratic Attorneys General and AG Candidates","67500.0","2023-05-02 08:00:26","python,looker,sql,r"
618426,"Get It Recruit - Information Technology","Research/Data Analyst","67500.0","2023-09-11 10:44:32","ms access"
1400357,"AllianceChicago","Data Analyst","67500.0","2023-01-25 19:01:59","azure,power bi,ssrs,ssis,flow,terminal,sql,python,c#,sass,sql server"
1010619,"Get It Recruit - Information Technology","Community Data Analyst","66500.0","2023-11-26 08:01:03","r,python,planner,spss"
871527,"Ascension","Analyst, Master Data Management","65062.3984375","2023-10-31 10:01:40","excel,sheets"
179983,"24 Seven Talent","Data Analyst","65000.0","2023-09-26 18:04:34","python,r,bigquery,airflow,excel,git,sql"
262937,"Citron IT, Inc.","SQL Data Analyst","65000.0","2023-10-30 07:00:33","sql,power bi,tableau,r,azure,python"
384112,"Patterned Learning AI","Data BI Analyst (Entry Level) - US/Canada","65000.0","2023-07-30 07:00:15","tableau,hadoop,oracle,vba,nosql,sql,excel"
394469,"Patterned Learning AI","Data Analyst (Entry Level) - US/Canada","65000.0","2023-07-30 07:00:12","excel,sql,sheets"
450752,"Mothership Strategies, LLC","Data Analyst","65000.0","2023-12-16 01:00:26","sql,spark,r,python"
466817,"Aquent Studios","Jr. Marketing Data Analyst- Ecommerce","65000.0","2023-01-04 16:00:23","tableau,excel,sql"
549336,"Get It Recruit - Administrative","HR Reporting & Analytics Manager","65000.0","2023-09-21 19:01:35","flow"
604011,"Patterned Learning AI","Data BI Analyst (Entry Level)","65000.0","2023-07-11 07:00:10","hadoop,sql,excel,tableau,nosql,vba,oracle"
946898,"Patterned Learning AI","Data BI Analyst (Entry Level) - US","65000.0","2023-07-28 07:00:17","tableau,hadoop,nosql,vba,sql,oracle,excel"
1334734,"Patterned Learning AI","Data Analyst (Entry Level)","65000.0","2023-07-08 06:59:57","excel,sheets,sql"
1403912,"Patterned Learning AI","Data BI Analyst (Entry Level) - US/Canada","65000.0","2023-08-25 07:03:31","tableau,hadoop,sql,nosql,vba,oracle,excel"
1441940,"Get It Recruit - Information Technology","Junior Data Analyst","65000.0","2023-07-22 08:01:52","excel,power bi,word,powerpoint,ms access,vba,visual basic,sql,tableau"
1463732,"Insight Global","Data Analyst","65000.0","2023-01-17 23:02:07","excel"
1596146,"Insight Global","Data Analyst","65000.0","2023-05-02 20:56:56","excel,tableau,power bi,sql,alteryx,oracle"
1705282,"Insight Global","Electronic Data Interchange Analyst","65000.0","2023-01-18 23:02:57","excel"
1785615,"Patterned Learning AI","Data Analyst (Entry Level) - US/Canada","65000.0","2023-07-31 07:02:38","sql,sheets,excel"
1812494,"Bright Power","Data Analyst","65000.0","2023-07-15 01:59:54","python,excel,tableau,flow,sql,jira,mysql"
1566988,"VetJobs & Military Spouse Jobs","Data Analyst - Bargersville, IN","63000.0","2023-05-17 08:01:46","sql,excel"
43776,"Kaye/Bassman International","Data Analyst","62500.0","2023-05-24 16:01:05","smartsheet,sql,excel,sheets,github"
215071,"OZ","Data Analyst","62500.0","2023-01-08 00:01:54","bash,aws,redshift,spark,sql,python"
329855,"Aegon","Internal Audit Data Analyst","62500.0","2023-01-06 21:02:36","python,excel,tableau,power bi,sql"
376277,"Crescentia GTS","Operations Reporting and Data Analyst - Boston, MA","62500.0","2023-02-14 12:00:21","sql,sas,windows,excel,sas"
553921,"Get It Recruit - Transportation","Supply Chain Data Integrity Analyst","62500.0","2023-12-03 08:01:03","excel"
1301761,"Kaye/Bassman International","Business Data Analyst","62500.0","2023-06-20 17:01:17","sql,excel,sheets,github,smartsheet"
1513216,"Ryder System","HR Report Writer and Data Analyst- REMOTE","62500.0","2023-05-20 00:29:59","excel,tableau,word,sharepoint"
1650439,"McAllister & Quinn, LLC","Technology and Data Analyst","62500.0","2023-07-17 14:00:50","excel"
272662,"Neurons Lab","Business Intelligence Engineer","62000.0","2023-05-31 17:53:38","sql,aws,redshift,tableau,power bi"
634102,"Get It Recruit - Information Technology","Data Processing and Reporting Analyst","62000.0","2023-09-08 09:39:55","excel"
163009,"Get It Recruit - Marketing","Social Media Data Analyst","60000.0","2023-08-20 14:00:02","sheets"
179907,"Get It Recruit - Information Technology","Data Analyst - Payroll Operations","60000.0","2023-10-10 07:00:12","excel"
212308,"El Buen Samaritano","Data Analyst","60000.0","2023-10-10 18:01:22","sql,power bi,tableau,excel,mysql,t-sql,spss"
286007,"Get It Recruit - Information Technology","Data Analyst","60000.0","2023-08-20 10:00:02","sheets"
616124,"Get It Recruit - Finance","Junior Data Analyst","60000.0","2023-09-16 19:03:22","power bi,excel,tableau,sql"
697068,"Kaye/Bassman International, Corp.","Remote Data Analyst","60000.0","2023-05-12 19:19:12","excel,smartsheet,sql,sheets"
758435,"SHI International Corp.","HR Data Analyst","60000.0","2023-02-25 09:00:07","vba,visual basic,excel,power bi,sharepoint"
1138427,"Aflac, Incorporated","Data Science Analyst I","60000.0","2023-07-24 20:04:05","sql,excel,r,python,powerpoint,word"
1424729,"BLUE STORM ASSOCIATES INC","Atmospheric Scientist/Data Analyst","60000.0","2023-03-23 11:54:49","python,matlab"
1431520,"Jumpvine","Entry Level Data Analyst","60000.0","2023-01-18 14:46:40","go"
719006,"Suncoast Credit Union","Data Analyst - Call Center","59500.0","2023-12-22 09:01:35","sql,excel,python"
489565,"Ryder System","HR Data Analyst- REMOTE","59000.0","2023-01-04 08:31:12","word,sharepoint,excel,tableau"
1117967,"Ryder System","HR Data Analyst- REMOTE","59000.0","2023-01-18 11:58:39","excel,tableau,word,sharepoint"
1091264,"Webstaurant Store","Logistics Data Analyst (Remote Friendly)","58000.0","2023-06-19 14:00:09","sql,excel"
346462,"The Difference Card","Remote Data Analyst II","57500.0","2023-10-26 13:00:07","word,sql,sql server,excel,power bi,powerpoint,visio"
441975,"FiberFirst","Data Analyst I","57500.0","2023-11-20 19:00:58","excel,sql,visio,outlook,powerpoint,word"
785489,"Stafford Consulting Company, Inc.","Data Management Analyst- Remote","57500.0","2023-09-28 13:15:57","powerpoint,microsoft teams"
1635949,"Get It Recruit - Information Technology","Remote Data Analyst II","57500.0","2023-10-23 13:00:01","visio,powerpoint,word,power bi,sql server,sql"
739541,"Ascendo Resources","Healthcare Data SAS Analyst I","57300.0","2023-07-14 19:53:59","excel,sas,sas,word"
1598725,"Get It Recruit - Information Technology","Lead Data Analyst/Data Architect","55500.0","2023-11-20 08:01:24","aws,snowflake"
562116,"JARBO Employment Group","Environmental Data Analyst","55000.0","2023-01-13 21:03:57","flow,word"
837423,"State of Georgia","CCBHC Data Analyst (Grant Funded Position)","55000.0","2023-01-17 00:22:01","crystal,excel,sql,html"
486466,"WALGREENS","Data Analyst - US Healthcare (REMOTE)","54540.0","2023-05-08 08:02:56","sql,sas,c++,excel,tableau,sas,word,sharepoint,cognos,powerpoint"
198826,"University of South Florida","Statistical Data Analyst (Buyer Engagement Strategist)","53000.0","2023-08-21 21:04:32","word,excel,powerpoint,outlook"
74841,"Get It Recruit - Information Technology","Data Quality Analyst","52500.0","2023-10-04 10:00:19","sql,excel,spreadsheet"
667237,"Fitsoftware OU","E-Commerce Digital Analyst","52500.0","2023-04-11 15:17:43","qlik,sql,javascript,html,css,excel"
862094,"Kaye/Bassman International","Data Analyst","52500.0","2023-05-12 19:01:22","excel,sql,sheets,smartsheet"
902110,"Phoenix Capital Group Holdings LLC","Junior Data Analyst","52500.0","2023-02-24 18:00:55","excel,julia,phoenix"
1203514,"Acosta, Inc.","Data Analyst (Remote)","52500.0","2023-01-14 09:43:54","power bi,powerpoint,windows,excel,word"
1049427,"Spark451 Inc.","Data Analyst","52000.0","2023-01-18 14:00:12","mongodb,sql,mongodb,tableau,word,powerpoint"
642310,"University of Maryland, Baltimore","OPEN RANK: Qualitative Research Data Analyst or Senior Research...","51500.0","2023-12-18 19:00:13","sas,excel,sas,spss"
1073885,"Jacksonville","Sr. Data Analyst","51059.0","2023-01-23 00:00:38","python,java,mongodb,ruby,mongodb,ruby,ruby on rails"
44448,"Get It Recruit - Information Technology","Data Quality Analyst","51000.0","2023-11-27 10:02:29","sql,excel,ssis"
1086455,"Get It Recruit - Information Technology","Data Analysis & Reporting Specialist","50500.0","2023-12-14 07:34:00","tableau,excel"
269335,"Get It Recruit - Information Technology","Data Analyst I - Healthcare Analytics","50000.0","2023-05-30 11:01:58","python,r"
1278164,"Get It Recruit - Transportation","Data Analyst","50000.0","2023-12-16 08:00:01","r,python,tableau,power bi,excel"
1672776,"Get It Recruit - Administrative","Data Entry Analyst","50000.0","2023-09-21 19:01:03","excel"
1605573,"Allied Technologies & Consulting","Clinical Data Analyst (Entry to Mid Level)","48500.0","2023-08-24 16:01:04","excel"
229128,"Men's Health Clinic (MHC)","Data Analyst / Engineer","47500.0","2023-01-19 01:28:29","flow,power bi,powerpoint,sql,python,r,c++,c,aws,excel"
1262617,"Ali Awad Law, P.C.","Financial Data Analyst","47500.0","2023-10-10 20:38:56","excel,sql"
1619146,"Get It Recruit - Administrative","Data Analyst","46500.0","2023-11-05 07:00:06","sql,sas,oracle,excel,sas,sharepoint"
473213,"U.S. Wire and Cable Company/ Flexon Industries","Data Analyst-Operations","42500.0","2023-02-28 15:00:06","windows,excel,wire"
512966,"BayOne Solutions","Ecommerce Business Analyst/Data Analyst with Good exp with SQL","41000.0","2023-02-15 02:00:35","sql,tableau"
994565,"Get It Recruit - Administrative","Remote Data Analyst","39000.0","2023-04-28 12:01:30","excel"
1349849,"Get It Recruit - Information Technology","Financial Data Analyst","36000.0","2023-06-08 08:46:41","sql,excel"
1178688,"Jobmatchingpartner Ltd","Data Analyst","35000.0","2023-06-20 21:57:57","sql,python,r,spark,hadoop,looker"
